channel_id,url_channel,category,gender,channel_name,country,year,channel_description,comment_count,video_count,view_count,subscriber_count,aux_status,updated_at,next_page_token
UC1ObFmPG3RzIGijhe6i3fmg,https://www.youtube.com/channel/UC1ObFmPG3RzIGijhe6i3fmg,Viagem e Turismo,A,WeLove,Brasil,2014,"Manu e Matheus
TRAVEL - LOVE - ADVENTURE - VLOGS
contato@blogwelove.com",0,89,6013953,168000,1,2020-10-14 9:56:51,
UCRx4vLQrJvktL2O6RaZUB4g,https://www.youtube.com/channel/UCRx4vLQrJvktL2O6RaZUB4g,Viagem e Turismo,A,Viajo logo Existo,Brasil,2013,"Viajando o mundo, Leonardo e Rachel Spencer estão na estrada desde Maio de 2013, onde já visitaram mais de 120 países. 

O que começou somente como um sonho de viajar o mundo de carro se tornou o meio de vida desse jovem casal. 

Após largar tudo para trás no Brasil o casal da estrada já publicou 4 livros, palestrou para grandes empresas no Brasil e Portugal e juntou quase um milhão de seguidores nas redes sociais.

Para os próximos anos a meta é continuar em busca de experiências inesquecíveis.",0,352,2163195,27200,1,2020-10-14 22:31:29,
UCPgobiJwXLTYC0wafp29XYQ,https://www.youtube.com/user/TudoCelular,Tecnologia Digital,A,TudoCelular,Brasil,2011,"Canal de vídeos do Tudocelular.com - o maior portal de telefonia móvel do Brasil!

Aqui você encontra nossas análises, comparativos, guias de compras, tutoriais, dicas e muito mais. Vídeos feitos de forma totalmente imparcial, direta e clara, sem deixar de lado o embasamento em testes padronizados para garantir que você saiba exatamente como os produtos se saem na prática, e então possa decidir por si próprio se vale a pena ou não gastar o seu dinheiro.",0,2570,133079513,841000,1,2020-10-15 9:33:29,
UC7CEVQbvZ6-uy6TRH_c6scg,https://www.youtube.com/user/DanyMartinesDiy,"Decoração, Organização e Diy",A,Dany Martines,Brasil,2014,"Oi gente, eu sou a Dany Martines, sou Artista Plástica e adoro tudo que envolve arte. Meu namorado Rick Ordonez é Designer e Editor de Vídeos. ???? Unimos nossas habilidades e criamos o canal. Desde então conquistamos cada vez mais espectadores, e esperamos sempre dar o nosso melhor!

°

???? Nosso foco principal é o Faça Você Mesmo (DIY - Do It Yourself), e aleatoriamente temos vídeos diferentes no Canal. No momento, sem data fixa para os vídeos;

°

???? Agradeço de coração pelo carinho de cada inscrito, porque sem vocês nada disso seria possível. Eu amo o que faço, e se Deus e vocês permitirem, farei por muito tempo! 


Seja sempre bem vindo(a). ????


????  Contato Dany Martinês: 

????  Caixa Postal 81536 
CEP: 02146-970 | São Paulo – SP",0,504,242422180,2720000,1,2020-10-14 22:37:23,
UCk5BcU1rOy6hepflk7_q_Pw,https://www.youtube.com/channel/UCk5BcU1rOy6hepflk7_q_Pw,Política,B,Meteoro Brasil,Brasil,2017,"Meteoro é um canal sobre cultura pop, ciência e filosofia. E esse humilde canalzinho acaba de ficar mais alegre e completo por um bom motivo: você o encontrou. Muito obrigado!

Caixa Postal:17905
CEP: 80410-981",0,803,103129701,871000,1,2020-10-15 9:41:15,
UC6y5H1pATiIrmXByyqnatFA,https://www.youtube.com/user/blogdaflavinha,Moda,F,Flavia Pavanelli,Brasil,2013,"Dicas de make up, moda e comportamento! ????


??? INSCREVA-SE NO CANAL: http://bit.ly/1jYVOys ???

????? Siga a Flavinha nas redes ?????
INSTAGRAM: https://instagram.com/flaviapavanelli
FACEBOOK: https://facebook.com/flaviapavanellii
TWITTER: https://twitter.com/flaapavanelli",0,363,265885538,5110000,1,2020-10-14 10:54:42,
UCAkZ7bimIU9m7wT6Th0FcEw,https://www.youtube.com/user/NiinaSecrets,Moda,F,Niina Secrets,Brasil,2010,"Beleza, maquiagem, moda, lifestyle, decoração... Eu sou a Niina, tenho 25 anos e compartilho todas as minhas dicas aqui nesse canal.

? ? ? 

VÍDEOS NOVOS DE SEGUNDA, TERÇA E QUINTA ÁS 18HRS!

?   FIQUE PERTINHO DE MIM:
Email: contato@niinasecrets.com.br
Vlogs: https://www.youtube.com/NiinaVlog
Blog: http://niinasecrets.com.br
Twitter: http://www.twitter.com/niinasecrets
Instagram: http://www.instagram.com/niinasecrets
Facebook: http://www.facebook.com/niinasecrets
Pinterest: http://www.pinterest.com/niinasecrets
Snapchat: Nina.Santina
Spotify: Niina Secrets",0,1662,428269839,3890000,1,2020-10-14 22:33:44,
UCF1_gbEwOE0eEFIYmPHW9XA,https://www.youtube.com/user/RicadeMarre,Moda,F,Rica de Marré,Brasil,2011,,0,55,2740582,138000,1,2020-10-14 9:30:04,
UCF7x0GAB3T14UwahfMu-5_g,https://www.youtube.com/user/isabellafiorentino,Moda,F,Isabella Fiorentino,Brasil,2011,"Isabella Fiorentino é apresentadora do Esquadrão da Moda - SBT, empresária e consultora de imagem. Nesse canal você pode acompanhar as dicas de moda, beleza e comportamento da Bella. Seja muito bem-vindo e se inscreva para saber as novidades!",0,144,3531618,97800,1,2020-10-14 22:33:44,
UChDfkBFCPXbfmWeYfMuu_iw,https://www.youtube.com/channel/UChDfkBFCPXbfmWeYfMuu_iw,Pets,F,Central de Fãs de Luisa Mell,Brasil,2017,"Este canal é administrado por fãs, não somos a Luisa Mell e nenhum membro de sua equipe, e muito menos queremos nos passar por ela. Em momento nenhum retrata a opinião ou postura oficial da protetora animal. O objetivo desse canal é divulgar os resgates que a Luisa Mell realiza e posta em seu instagram.",0,608,12143553,0,0,2020-10-15 15:26:59,
UCAA4eBBT2lt4C3YcXMdNOFA,https://www.youtube.com/user/malena010102,Games,F,malena010102,Brasil,2009,"Vídeos um dia sim, um dia não, mas sempre as 12h. Reacts, daily vlogs e gameplays de um jeito divertido e loiro de ser.",0,3585,1055605465,6190000,1,2020-10-15 9:40:13,
UCF5VmU9N3sqqVe-F6E4gewg,https://www.youtube.com/channel/UCF5VmU9N3sqqVe-F6E4gewg,Games,F,Bibi,Brasil,2014,"Fala rapaziada!
Pra quem não me conhece, meu nome é bibi, tenho 19 anos e moro em São Paulo.

Já lancei três livros, ""Um Novo Mundo"", ""Isolados O Enigma"" e o mais recente ""O Diario De Bibi"".
Você pode adquirir todos eles nas maiores livrarias do país.

Meu canal tem um conteúdo bastante alternativo, aqui eu posto vlogs, reacts, faço brincadeiras com os amigos, mostro meu dia, faço uma série de coisas legais. Tenho certeza que você vai curtir, entretenimento é o que não falta! 

E se você quiser ficar mais pertinho de mim, é só me seguir nas redes sociais (@bibitatto).

Vídeos toda terça, quinta e sábado as 18hs!
Um beijão!

? CONTATO COMERCIAL: comercial@bibitatto.com.br",0,2643,1032771373,8400000,1,2020-10-14 9:39:53,
UCcHR0RvLYk33ppkjBw3UaEA,https://www.youtube.com/c/MariMaria/videos,Beleza,F,Mari Maria,Brasil,2014,Dicas de maquiagem e beleza feminina.,0,726,744355218,9440000,1,2020-10-15 9:55:38,
UCD1cYN6EGqZz_4Y413s4xjA,https://www.youtube.com/user/MakeUpByMarianaSaad,Beleza,F,Mariana Saad,Brasil,2011,"Contato Profissional:
contato@blogmarianasaad.com

Conheça o meu blog: www.blogmarianasaad.com",0,858,110818624,1780000,1,2020-10-15 9:55:47,
UCgSvw7asvNq7wJWKMSW28Eg,https://www.youtube.com/c/Biancaandradeoficial,Beleza,F,Boca Rosa,Brasil,2011,"Contato Profissional: assessoria@biancaandrade.com

Caixa Postal 31288
Bianca Andrade
CEP 01309-970
São Paulo/SP",0,622,393670615,5530000,0,2020-10-15 15:44:16,CPoBEAA
UCKtJs_zI1yzswHDWqkqHtWw,https://www.youtube.com/user/draanaescobar,Saúde,F,Dra Ana Escobar,Brasil,2012,"Nosso canal Saúde na Prática tem como objetivo informar saúde de um jeito prático e educativo, para que vocês estejam atualizados e tomem sempre as melhores decisões. Dra. Ana Escobar é uma médica diferente. Pediatra, tem a oportunidade de cuidar da saúde da gente desde que nascemos, por isto entende bem o processo de crescimento, as fases de cada idade. Formada na Faculdade de Medicina da USP sempre se interessou pelo corpo e suas transformações do zero aos cem anos. Sério, CEM anos. Consultora do programa Bem Estar, apresentado na TV Globo todos os dias de manhã, ela sempre está por lá respondendo de pronto as dúvidas dos telespectadores e tratando dos temas mais difíceis com a maior normalidade possível. Afinal, “o que é ser normal?”",0,236,4215879,81200,1,2020-10-14 22:38:22,
UCUp-GSUuNxSZ7cxOg7ZnyqA,https://www.youtube.com/user/tuasaude,Saúde,F,Tua Saúde,Brasil,2013,"Aqui você encontra vídeos, com alta qualidade sobre diversas questões de saúde, de forma clara e bem humorada, que são fáceis de compartilhar com quem precisa, e dá pra ver e rever quantas vezes quiser!

Esses vídeos do Tua Saúde são feitos de forma a completar a informação que está escrita em www.tuasaude.com, mantendo sempre a intenção de produzir conteúdo de qualidade para melhorar a vida de quem está assistindo e precisa saber mais sobre a doença, tratamentos convencional ou alternativo, ou então simplesmente quer ler e aprender mais sobre dietas, saúde e bem estar.",0,437,120511095,1850000,1,2020-10-15 9:35:20,
UCbfUDvKxx8ebV00iz7w-JqA,https://www.youtube.com/user/raquelbenetti,Esporte,F,Raquel Benetti,Brasil,2008,"Canal Oficial da Atleta Raquel Benetti de futebol freestyle - embaixadinhas 

Aprenda fazer as manóbras e acompanhe o dia a dia da atleta.

Contato para eventos e publicidade:

 contato@raquelembaixadinhas.com

www.raquelembaixadinhas.com",0,725,112414406,1720000,1,2020-10-15 14:06:19,
UCZaOZdn-Y-I5ikrofkWBLgQ,https://www.youtube.com/channel/UCZaOZdn-Y-I5ikrofkWBLgQ,Esporte,F,Renata Fan - Jogo Aberto,Brasil,2016,"Canal oficial do programa Jogo Aberto, exibido pela Band de segunda a sexta, das 11h às 13h. Confira diariamente a íntegra e os melhores momentos do programa.",0,6311,583814221,2380000,1,2020-10-15 13:47:45,
UCjBUnLIUZmGE2Uzqy3NHVfA,https://www.youtube.com/channel/UCjBUnLIUZmGE2Uzqy3NHVfA,Fitness,F,Mayra Cardi,Brasil,2013,"INSCREVA-SE NO CANAL: https://goo.gl/6DaaN8

FOLLOW ME:
Instagram: http://instagram.com/mayracardi
Instagram Seca Você:  http://instagram.com/secavoce
Snapchat: http://www.snapchat.com/add/mayracardi

www.mayracardi.com",0,123,26975491,835000,1,2020-10-14 22:33:44,
UCr-FH1xCxc09xNaOKl14Y8g,https://www.youtube.com/channel/UCr-FH1xCxc09xNaOKl14Y8g,Fitness,F,Graciele Lacerda Dia a Dia,Brasil,2019,,0,384,8925448,0,1,2020-10-15 9:40:39,
UCtPPnH5VXmYLOu5WUI7-tPw,https://www.youtube.com/channel/UCtPPnH5VXmYLOu5WUI7-tPw,Fitness,F,Canal Kelly Key,Brasil,2015,"#ProjetoBabaBaby Inscreva-se no canal e mude seu estilo de vida com dicas praticas para entrar em forma.
Loja Oficial: http://www.pbbstore.com",0,458,111056544,1640000,1,2020-10-14 22:38:13,
UCw8PCN0pLtNjWDSAlZv1fCQ,https://www.youtube.com/channel/UCw8PCN0pLtNjWDSAlZv1fCQ,Fitness,F,Tevê Chang,Brasil,2015,Canal da Tábata Chang.,0,15,204126,14300,1,2020-10-14 15:37:44,
UC4d0S_gXjDrVZpGEnRms3ig,https://www.youtube.com/channel/UC4d0S_gXjDrVZpGEnRms3ig,Família,F,TALI MÃE DOS BÊ,Brasil,2011,"maternidade, familia, moda, viagens e muito mais! ????",0,121,4305561,117000,1,2020-10-14 10:05:31,
UCrqpB7Kvh4qao8VtxwuJKkQ,https://www.youtube.com/user/Fla1982,Família,F,Flavia Calina,Brasil,2007,"Meu nome é Flavia Calina e sou professora, uma eterna professora. Em meu canal tento ensinar tudo o que já aprendi na escola, na vida e no YouTube ; )
Aqui você vai encontrar vídeos de maternidade, saúde, e dia-a-dia de uma família que mora nos Estados Unidos. 
Coloco vídeos de Segundas as Sextas. Seja bem-vindo!",0,1812,2714994997,7650000,1,2020-10-15 9:46:43,
UCzl8GLUxwjwTXaKypUHk57w,https://www.youtube.com/channel/UCzl8GLUxwjwTXaKypUHk57w,Família,F,Tatá Fersoza,Brasil,2017,Nasce Uma Mãe,0,198,76111749,1590000,1,2020-10-15 9:32:14,
UCx7HKmnCIIbRBF2FjAoV0bg,https://www.youtube.com/user/deboraaladim,Educação,F,Débora Aladim,Brasil,2013,"Débora Aladim é mineira, estudante de História na UFMG e desde 2013 faz vídeo-aulas que ajudaram milhões de pessoas a estudar e a passar no vestibular. Aqui você vai encontrar vídeo-aulas de História, um método único para fazer redações modelo ENEM e dicas de estudo! 

Com muito amorzinho o canal hoje é um dos maiores canais educativos do Youtube, e Débora já fez aulas até para o Ministério da Educação, além de trabalhar com grandes empresas e lançar materiais didáticos de sua autoria!

Seja bem vindo e bons estudos!

? instagram/twitter/facebook: @dedaaladim

? deboraaladim.com.br",0,340,122298286,2720000,1,2020-10-15 9:36:01,
UCCrD-7Y-I3tgm7TW9NedaSg,https://www.youtube.com/channel/UCCrD-7Y-I3tgm7TW9NedaSg,Gastronomia,F,Sal de Flor,Brasil,2014,"O Sal de Flor nasce de algumas paixões. 
Paixão pela culinária, pela arte e uma recente paixão descoberta: a da fotografia - Food Styling. 

Sou Camila, casada, formada em Design de Interiores e MKT. 
Crescida ao redor das comidas italianas que minha mãe e avós preparavam com muito amor. 

O Sal de Flor é minha terapia. 
É onde meus momentos de lazer e descobertas são compartilhados com o mundo. 
As portas estão abertas. Mi casa, su casa.",0,377,7552286,213000,1,2020-10-14 22:38:13,
UCpCJ1AS4afAWOJ5pNMFh4Dw,https://www.youtube.com/user/nocedanielle,Gastronomia,F,Danielle Noce,Brasil,2011,"Seja muito bem vinda neste canal que você encontra uma curadoria de tudo que é MUITO BOM na vida! Aqui eu te mostro os lugares mais incríveis para você conhecer, as comidas mais deliciosas onde você precisa comer e muitas outras curiosidades e descobertas ao redor do mundo! Vem se divertir, que eu te levo para os lugares mais legais junto comigo!

Espero que gostem e inscrevam-se http://bit.ly/danidoce

Email para contatos comerciais: comercial@wtf.maison",0,1167,410326824,2950000,1,2020-10-14 10:08:14,
UCRbXS1MKrZ55Vm5G9336BKw,https://www.youtube.com/channel/UCRbXS1MKrZ55Vm5G9336BKw,Gastronomia,F,Receitas da Cris,Brasil,2015,"Bem Vindos Ao Canal Receitas Da Cris ! Se Inscrevam , Curtam E Favoritem Para Mais Receitinhas Deliciosas !!!  

Vídeos novos as segundas, quartas e sextas a partir das 16:00
          
Quer me envia algo, algum mimo, minha caixa postal abaixo:

Receitas Da Cris
Endereço: 
Caixa Postal 13502 
CEP: 80.420-981 
Curitiba - PR

Me Sigam Nas Redes Sociais!!",0,639,365284906,4940000,0,2020-10-15 15:26:45,CIoFEAA
UCyEMfGboxLhNCtg05MfRKnA,https://www.youtube.com/channel/UCyEMfGboxLhNCtg05MfRKnA,Gastronomia,F,TPM por Ju Ferraz,Brasil,2014,"O canal de receitas mais gostoso e útil da internet para mulheres naqueles dias infernais! ;)
E agora tem um livro lindo e incrível, dá uma olhada: https://goo.gl/R9c8Xr

Eu sou a Ju Ferraz e toda semana temos vídeos incríveis por aqui!
Inscreva-se para não perder nada :D
É só clicar nesse link aqui: http://bit.do/seinscrevanoTPM

Segunda, quarta e sexta, às 14:00!
 
Contato:
contato@tpmpraquetequero.com

Nossas outras redes:
Instagram TPM: http://www.instagram.com/tpmpraquetequero
Instagram Ju: http://www.instagram.com/juferrazf
Facebook: http://www.facebook.com/tpmpraquetequero

São Paulo/SP
Snack Network Partner
TPM, pra que te quero?",0,834,75940903,920000,1,2020-10-14 9:55:51,
UCm-yjfeB81xtBIOdCNBPIuQ,https://www.youtube.com/channel/UCm-yjfeB81xtBIOdCNBPIuQ,Viagem e Turismo,F,Prefiro Viajar,Brasil,2015,"Dicas, vídeos, curiosidades... O principal objetivo do Prefiro Viajar é inspirar você e fazer você viajar sem sair de casa! Vambora?

Inscreva-se no nosso canal e acompanhe as novidades! É sempre bom ter você por aqui! :)",0,245,5554966,92900,1,2020-10-15 9:42:22,
UCrmbWZOZ4Tf2O8fxuFTrtHg,https://www.youtube.com/user/raquelffurtado,Viagem e Turismo,F,Raquel Furtado,Brasil,2011,,0,24,160302,3130,1,2020-10-14 11:58:41,
UC8mDF5mWNGE-Kpfcvnn0bUg,https://www.youtube.com/channel/UC8mDF5mWNGE-Kpfcvnn0bUg,Empreendedorismo e Negócios,F,Me Poupe,Brasil,2015,"Sobra mês no fim do salário? Você quer saber como fazer renda extra? Quer começar a investir, mas não sabe por onde começar? Tem dívidas e quer sair dessa situação? Inscreva-se no Me Poupe! e descubra tudo o que ninguém nunca teve tesão de te falar sobre dinheiro - e de um jeito que você nunca imaginou! Videos novos, gratuitos e incrivelmente valiosos $$$$ toda segunda e quinta-feira, às 12h. A Nath (eu) e todo o meu time estão aqui pensando em como te enriquecer licitamente.",0,746,310546089,5420000,1,2020-10-14 11:23:15,CO4FEAA
UCbE7YGLZ-VY0oCgIsCSJ5Sg,https://www.youtube.com/user/joutjoutprazer,Comportamento e Estilo de Vida,F,Jout Jout,Brasil,2012,"Opa! Tudo bom?
Este é o meu, seu, nosso canal! Não temos tema nem roteiro, ok? Eu só meio que vou falando e vocês meio que vão ouvindo e a gente meio que vai se amando.

Se quiser me mandar um emailzim sobre parcerias maravilhosas: contato@oilupi.com (sim, agora eu tenho uma agente #sofisticada #chiquérrima #poderosíssima)
Se quiser oficializar nossa amizade: https://www.facebook.com/prazerjoutjout
Se quiser ver fotos da Margot: http://instagram.com/joutjout
Se quiser me mandar coisas estranhas pelo correio: CEP 24.020-971 | Nº da Caixa Postal 100 304 | Brasil

Beijo em cada um desses narizinhos lindos!",0,524,300417850,2420000,1,2020-10-15 15:39:09,
UCF108KZPnFVxP8lILiJ1kng,https://www.youtube.com/channel/UCF108KZPnFVxP8lILiJ1kng,Comportamento e Estilo de Vida,F,Gabi Oliveira,Brasil,2015,"Gabi Oliveira é comunicadora social e criadora de conteúdo para internet, atualmente reúne um público de seguidores virtuais em suas redes de aproximadamente 1 milhão de pessoas, sendo um dos canais participantes do programa Creators For Change, da Google. 

É também parceira-colaboradora da Avaaz na luta contra a desinformação no Brasil e colaboradora de uma das campanhas da ONU Brasil. Ela já palestrou no Brazil Conference na Universidade de Harvard, pontuando a importância do ativismo digital. Além disso, sua palestra no TEDx intitulada “Um novo olhar sobre a pessoa negra; novas narrativas importam” já conta com mais de 200 mil visualizações na plataforma Youtube.


********

E-mail: depretas@gmail.com

Assessoria: ecortes.assessoria@gmail.com

Instagram: www.instagram.com/gabidepretas

Facebook:  www.facebook.com/depretas",0,271,22001811,614000,1,2020-10-14 22:39:06,
UCqV7ADkocFVOLxvPGqTEyDw,https://www.youtube.com/user/mulherbemresolvida,Comportamento e Estilo de Vida,F,Cátia Damasceno,Brasil,2013,"Esse canal foi criado para falar sobre sexo e relacionamento como esses assuntos deveriam ser tratados: com naturalidade, sem tabus e preconceitos. Contato para publicidades, shows, eventos e palestras: leandroladeiran@gmail.com / (61)996300061
Caixa Postal : 15069
CEP: 72130-970",0,677,487829235,7100000,0,2020-10-15 15:26:16,CLwFEAA
UCy9xDEfMD8jrXU3NatFLLtw,https://www.youtube.com/user/barbiepahetaci,Comportamento e Estilo de Vida,F,Taciele Alcolea,Brasil,2009,"Contato profissional para Trabalhos: contato@tacielealcolea.com
Sejam sempre bem vindos ao nosso canal, sou muito grata por cada pessoa que me acompanha e curte o meu trabalho, faço o máximo para compartilhar tudo que sei sobre o universo feminino e assim vamos crescendo e aprendendo juntos ;)",0,1532,743924678,5750000,1,2020-10-14 22:39:06,
UCZfId64U0uXqaSsAQCsp7Qg,https://www.youtube.com/user/evelynregly,Comportamento e Estilo de Vida,F,Evelyn Regly,Brasil,2006,"Humor, entretenimento, universo feminino (resenhas reais, maquiagem, cabelo etc), viagens, saúde e variedades em geral :) 

CONTATO PROFISSIONAL contato@edobabado.com.br

CONTATO PESSOAL contatoevelynregly@edobabado.com.br",0,1023,481913714,4470000,1,2020-10-15 9:31:06,
UCeLKFk_pGGF5B-EURnBW03w,https://www.youtube.com/channel/UCeLKFk_pGGF5B-EURnBW03w,"Cidades, Arquitetura e Urbanismo",F,Lorena Lima - Decore Interiores,Brasil,2015,"Oi, eu sou a Lorena Lima de Brasilia, tenho 22 anos, formada em design de interiores e criadora dos maiores blogs de arquitetura e decor no instagram. Além deles dois, também tenho o Lorena Lima Interiores, onde posto o meu trabalho autoral =) Aqui vocês acompanharão dicas de decor, viagens, arquitetura e muito lifestyle. 
_______________________________________
www.instagram.com/lorenalima_interiores
www.instagram.com/decorcriative
www.instagram.com/decoreinteriores

Email: lorenalimainteriores@icloud.com
Caixa Postal:  942
CEP 71805970 Brasilia - DF",0,48,1304391,43900,1,2020-10-14 22:35:52,
UCJPBb2LymNh0EnSmIFYf02g,https://www.youtube.com/user/arquitetapage,"Cidades, Arquitetura e Urbanismo",F,Arquitêta - Arquitetura & Arte,Brasil,2012,"ARQUITÊTA - ARQUITETURA & DESENHO

Plataforma de Curso Online http://bit.ly/2sHUuqb

Mídias sociais:http://bit.ly/arquitetapagelink

? INSCREVA-SE ?
http://bit.ly/1nCXAja

#arquitetura - #desenho - #projeto - #arquiteta - #arquiteto - #curso",0,142,5189992,153000,1,2020-10-14 22:35:52,
UCQbdsX9AVd8sF35p8825NcQ,https://www.youtube.com/channel/UCQbdsX9AVd8sF35p8825NcQ,"Cidades, Arquitetura e Urbanismo",F,Doma Arquitetura,Brasil,2017,"Meu nome é Patricia, sou Arquiteta, Artista Plástica, Casada e Mãe de 2!
Como conciliar trabalho e filhos vivendo em SP?! Nada fácil... cada dia um novo desafio!
A ideia é passar algumas dicas de Arquitetura e Decoração enquanto visito minhas obras.
Pra mim as crianças nunca foram desculpa pra eu não conseguir fazer minhas coisas, pelo contrário! Sempre foram a razão pra eu conseguir alcançar meus objetivos.
As viagens pelo mundo todo, junto com eles, está no Top 10 dessa minha lista de desejos!
________________________________________ 
#Arquitetura
#Decoração
#VidadeMãe
#Filhos
#Viagem
________________________________________ 
http://domaarquitetura.com.br/
www.instagram.com/domaarquitetura

Email para Projetos de Arquitetura: projeto@domaarquitetura.com.br
Email para contatos comerciais (canal): parceria@domaarquitetura.com.br",0,302,65727750,904000,1,2020-10-15 9:39:07,
UC87V8rZPwCmQUP2ug5ND-TA,https://www.youtube.com/user/tvstephania9,"Decoração, Organização e Diy",F,Paula Stephânia,Brasil,2014,"Esse canal funciona como uma flor dente de leão . 
Eu sopro as sementes daqui, e elas florescem por aí. 
Eu dissemino boas ideias de DIY, decoração, culinária, beleza, ciência, bem-estar, amor em forma de pensamentos... e essas ideias podem encontrar em você um solo fértil e florescer. 
E quando florescer, sopre de novo e continue espalhando boas ideias por onde quer que você passe! 
Vamos infestar esse mundo com boas semente regadas com muito amor! 

Muito obrigada pela visita, 
Paula Stephânia",0,321,367565290,4010000,1,2020-10-14 22:37:23,
UCqELvJZyaMtvdAfb66zdhNg,https://www.youtube.com/user/rafitchaoliv,"Decoração, Organização e Diy",F,Organize Sem Frescuras,Brasil,2010,"Bem vindo ao maior canal de organização do Brasil! 

Você sabia que dá para deixar a organização e as tarefas da limpeza mais práticas, divertidas e sem gastar muito dim dim? Aqui no canal, você verá dicas simples e eficientes de organização pessoal e da casa, limpeza sem frescuras e várias inspirações de decoração para você deixar a casa pra lá de charmosa e sua vida muito mais prática!!
---
Rafaela Oliveira é personal Organizer, formada em Design de Produto e pós-graduada em Design de Interiores. Apaixonada pela profissão, criou o blog (2012) e o canal Organize Sem Frescuras para contar um pouco de suas experiências com a organização e ajudar a todos que queiram deixar a casa linda, organizada e o principal: a vida mais prática! Para compartilhar mais dicas sobre o assunto, escreveu o Livro Organize sem Frescuras - Com menos tempo e menos dinheiro ( Editora Astral Cultural, 2017). Atualmente,  participa da Panflix e comanda o Podcast Organize sem Frescuras, ambos da Jovem Pan.",0,605,119815108,1510000,0,2020-10-15 15:28:00,
UCsI7mekQazJGcg39GQW3GbQ,https://www.youtube.com/channel/UCsI7mekQazJGcg39GQW3GbQ,"Decoração, Organização e Diy",F,Diycore com Karla Amadori,Brasil,2015,"No canal Diycore, Karla Amadori traz Decorações, Reformas e DIY com simplicidade e um feeling divertido. São dicas úteis e possíveis de serem praticadas para transformar casas em verdadeiros lares.
Com mais vida, cor e alegria, busca com que as pessoas possam se sentir bem dentro de casa, criando um ambiente que seja a sua cara, esteja numa casa própria de 2 andares e 200m² ou num apartamento alugado de 20.

CAIXA POSTAL 10245
CEP 88062-970
Florianópolis - SC

Contato: contato@diycore.com.br",0,579,116956229,1680000,1,2020-10-15 9:30:52,
UC-8Uff7i2h5qtIvjXJDJqYA,https://www.youtube.com/user/BlogGuindaste,Meio Ambiente e Sustentabilidade,F,Minhas Plantas,Brasil,2007,"Carol Costa é jardineira, criadora do site Minhas Plantas, colunista da rádio Band News FM e da revista Natureza, autora de 4 livros, apresentadora, e dá aulas de jardinagem. Todo domingo, às 10h, tem vídeo novo no canal Minhas Plantas.",0,376,62556486,1050000,1,2020-10-14 22:29:36,
UCmgNZ_BA_TTPujLxQbC8MwQ,https://www.youtube.com/channel/UCmgNZ_BA_TTPujLxQbC8MwQ,Meio Ambiente e Sustentabilidade,F,Menos 1 Lixo,Brasil,2014,"Menos 1 Lixo é uma plataforma de educação ambiental, empoderando o individuo de que ele pode mudar o mundo através de pequenos gestos e grandes questionamentos. O movimento tem como maior agente de transformação o copo retrátil e de silicone e como idealizadora a ativista ambiental Fe Cortez. Estamos aqui pra te mostrar que dá pra viver com menos lixo e impactar cada vez menos o planeta. Juntos somos muito mais forte! 

Para saber mais sobre consumo consciente: http://bit.ly/siteM1L
Para conhecer os produtos do Menos 1 Lixo: http://bit.ly/lojaM1LYT",0,235,9089609,94900,1,2020-10-15 9:43:03,
UCoiJu7py8wlmb3OtkmPvHqA,https://www.youtube.com/channel/UCoiJu7py8wlmb3OtkmPvHqA,Meio Ambiente e Sustentabilidade,F,Casa sem Lixo,Brasil,2017,"Olá! Eu sou a Nicole. Em nossa casa moram 4 pessoas, dois adultos e duas crianças – uma família. É claro que não existe casa sem lixo, mas optamos por uma caminhada em busca de uma vida sem “desperdícios”, temos nos esforçado para nos livrar de tudo afeta negativamente à natureza ou que não terá um destino saudável a ela. Saiba mais em www.casasemlixo.com.br",0,213,1210742,41000,1,2020-10-14 9:47:11,
UCxKWYA49k16BoF8YzS1VbvA,https://www.youtube.com/channel/UCxKWYA49k16BoF8YzS1VbvA,"Economia, Política e Atualidades",F,Gabriela Prioli,Brasil,2020,Advogada criminalista. Comentarista política da CNN Brasil. Uma convivência pacífica entre a superfície e o profundo.,0,117,19065209,587000,1,2020-10-14 22:39:39,
UCiNK_NdXwJXVD_RjDgCAlNQ,https://www.youtube.com/user/machomoda,Moda,M,Macho Moda,Brasil,2013,"Macho Moda - Moda Masculina: Mais Estilo para o Homem do Dia a Dia!
Canal Oficial do Youtube do Macho Moda, blog de Moda Masculina.

Fala TIME, tudo certo com vocês? :) Aqui quem fala é o Coloral, fundador do Macho Moda, e nesse Canal vocês vão poder encontrar MUITO conteúdo sobre Roupa de Homem, Moda para Homens, Moda Masculina, entre outros assuntos diversos relacionados ao Homem Moderno.

? Dicas de Roupas Masculinas, Tendências Masculinas, Dicas de Produtos para Homens, Dicas de Serviços, Cortes de Cabelo Masculino, Barba, como Combinar Peças e muito mais!

Inscreva-se e ative as notificações para não perder nenhum vídeo, fechou?
Seja bem vindo ao TIME!
Valeu e FUI!!!",0,669,69541162,1080000,1,2020-10-14 10:39:26,
UCIZ3qgxLHn1iOAeVSFbdQtw,https://www.youtube.com/user/paidoninao,Pets,M,Pai do Ninão,Brasil,2012,"Elenco: Ninão. Fetúcia, Mini-Nino, Lívio Bracho, Soulwinna, Felipão com Catupiry, Fredo e Dona Nina.
Narração: Rodrigo Coelho - Pai do Ninão",0,363,79682615,353000,1,2020-10-14 22:33:44,
UC_Wr_CUKEo5-nd-QW5oeKGg,https://www.youtube.com/user/estopinhaealexandre,Pets,M,Estopinha & Alexandre Rossi,Brasil,2014,"Canal oficial no youtube de Alexandre Rossi e Estopinha!

Aqui você encontrará dicas do Alexandre Rossi sobre bem estar canino, melhorando a convivência entre humanos e cães.

Também encontrará muitas bagunças feitas pela Estopinha e pelo Barthô!",0,520,15572865,193000,1,2020-10-14 15:39:19,
UC5mZsx_OVnc4XmG9rWU2p3A,https://www.youtube.com/user/T3DDYgames,Games,M,T3ddy,Brasil,2012,"Inscreva-se agora, não gasta nenhum dinheiro! ?

E-mail para contato profissional: t3ddybusiness@gmail.com

Quer me enviar algum presente? OK sz
Número: 81737, CEP 04122-001 em São Paulo, SP",0,1499,1686049913,11000000,1,2020-10-14 22:31:04,
UCbTVTephX30ZhQF5zwFppBg,https://www.youtube.com/user/rezendeevil,Games,M,Rezende Evil,Brasil,2012,"No canal Rezendeevil, você irá encontrar vlogs bem divertidos!! Se inscreva agora!
4 VÍDEOS TODOS OS DIAS!! 12h, 14h 18h 20h

Contato Comercial: Rezende@adragencia.com.br

Instagram: rezende
Twitter: @rezende_evil
Snapchat: Imrezende",0,9576,11044210617,28000000,1,2020-10-14 22:33:44,
UCWKtHaeXVzUscYGcm0hEunw,https://www.youtube.com/user/BRKsEDU,Games,M,BRKsEDU,Brasil,2010,"Bilômetro, baixe GRÁTIS e economize $$$ - http://bilometro.brksedu.com.br

Canal de gameplays e vlogs de games e entretenimento! Ou seja: tenho o melhor trabalho do mundo! =)

Jogos favoritos: Life Is Strange, Shadow of the Colossus, The Last of Us, GTA 5, Final Fantasy VII, Final Fantasy IX, Super Mario 3, Super Mario World, Dead Rising 3, Uncharted, Bully, dentre outros!

Contato comercial: comercial @ brksedu . com . br

Banner por Vyktor Berriel: http://berriel.me",0,4565,1770145178,8640000,1,2020-10-15 9:36:00,
UC3KQ5GWANYF8lChqjZpXsQw,https://www.youtube.com/user/whinderssonnunes,Humor,M,Whindersson Nunes,Brasil,2013,"Lampião do Youtube
Publicidade: alex@nonstopproducoes.com.br
Shows / Eventos: joao@nonstopproducoes.com.br",0,386,3589213260,41100000,1,2020-10-14 10:02:59,CJADEAA
UCaLs_Nox5i_3KCVnsC_kttA,youtube.com/user/thiagosouzapires,Humor,M,Thiago Ventura,Brasil,2009,"Um humorista e comediante de Taboão da Serra / São Paulo.

PARA CONTRATAR ACESSE:

www.thiagoventura.net

REDES SOCIAIS:


FanPage : www.facebook.com/thiagoventurapage

Twitter: @thiagoventura",0,117,416458851,5190000,1,2020-10-14 18:01:12,CJYBEAA
UCDG56nDKCg302lY6Lr_GOWg,https://www.youtube.com/channel/UCDG56nDKCg302lY6Lr_GOWg,Humor,M,Murilo Couto,Brasil,2016,"Esse é um canal de youtube que eu fiz pra postar alguns vídeos.
Nao acho que valha a pena assistir, mas serão vídeos.
abraço.



terry crews",0,170,152426041,1950000,1,2020-10-15 9:58:18,
UCMN82si2EdJ_eROdcJfSmtw,https://www.youtube.com/channel/UCMN82si2EdJ_eROdcJfSmtw,Humor,M,Danilo Gentili,Brasil,2006,Desde 1979 estragando tudo e decepcionando pessoas.,0,165,52287206,780000,1,2020-10-14 22:33:44,
UCR9hn7X0cbGq79xvBKRpTaA,https://www.youtube.com/channel/UCR9hn7X0cbGq79xvBKRpTaA,Beleza,M,Rodrigo Cintra,Brasil,2014,"Cabelo , moda e tendência no mundo dos cabelos com criação de Rodrigo Cintra.

Site: www.rodrigocintra.com
Instagram: @rodrigocintra
TikTok @rodrigocintraoficial",0,32,95596,16000,1,2020-10-14 11:47:53,
UCT1sfBajBv2-8yOIeaDVMuA,https://www.youtube.com/channel/UCT1sfBajBv2-8yOIeaDVMuA,Saúde,M,Dr. Fernando Gomes,Brasil,2014,Professor Livre-Docente de Neurocirurgia pela Faculdade de Medicina da USP | Brasil ????????,0,162,496651,18200,1,2020-10-14 10:44:35,
UCyF-Ubm2ALNTtSiYdG-Ezqg,https://www.youtube.com/user/ClinicaSorrentino,Saúde,M,Victor Sorrentino,Brasil,2011,O Dr. Victor Sorrentino é símbolo de um movimento médico que tem como objetivo possibilitar a longevidade saudável através de uma Medicina Integrativa. www.drvictorsorrentino.com.br,0,206,10580480,277000,1,2020-10-14 10:00:56,
UCFjrDmEnxrG5TRGVO0TPHLA,https://www.youtube.com/user/Desimpedidos,Esporte,M,Desimpedidos,Brasil,2013,"Este é o canal Desimpedidos: o lar da ousadia e alegria, o pojéto do Luxa que deu certo. Quer saber mais? DESCUBRA! És habib. Vídeo novo todos os dias! 

CONTATO: contato@desimpedidos.com.br",0,2316,1929603025,8620000,1,2020-10-15 14:29:40,
UCnlR7Byv1irGXGokMXf9nAQ,https://www.youtube.com/channel/UCnlR7Byv1irGXGokMXf9nAQ,Esporte,M,Denílson Show,Brasil,2016,"Canal oficial do Denílson Show. Se inscreve aí, tio!",0,112,8693765,249000,1,2020-10-14 22:38:13,
UC6gJAnIhDn2Fy_jZfICmgSA,https://www.youtube.com/channel/UC6gJAnIhDn2Fy_jZfICmgSA,Fitness,M,Léo Stronda,Brasil,2016,"O VERDADEIRO MONSTRO!

Contato: producao.leostronda@gmail.com
                producao@leostronda.com",0,474,169802870,2320000,1,2020-10-14 22:31:04,
UCxDFRhF3Y1A_Gd0-cF8gbqQ,https://www.youtube.com/channel/UCxDFRhF3Y1A_Gd0-cF8gbqQ,Militar,M,Hoje no Mundo Militar,Brasil,2016,"Canal especializado em temas militares contemporâneos.

Notícias relevantes e vídeos apresentando em detalhes as armas que compõem o arsenal moderno dos principais exércitos do mundo.

Do mesmo criador do canal ""Hoje na Segunda Guerra Mundial"": https://www.youtube.com/c/HojenaSegundaGuerraMundial",0,2433,434210065,1600000,1,2020-10-15 9:30:55,
UC0otZdGYsA9KqVKAcn2peQA,https://www.youtube.com/user/brancoala,Família,M,Brancoala,Brasil,2008,"Brancoala, Craudete, Marcos e Laura. A família Brancoala mora nos Estados Unidos e compartilha suas experiências com daily vlogs de rotina em casa, passeios, dicas, educação dos filhos e games. Hoje é o maior canal do YouTube Brasil na categoria FAMÍLIA somando 8 milhões de inscritos e mais de 5 bilhões de visualizações. https://youtube.com/brancoala 

Vídeos todos os dias de segunda a sexta-feira às 11:00h http://bit.ly/youtube-brancoala

INSCREVA-SE
Daily Vlogs: http://bit.ly/youtube-brancoala
Games: http://bit.ly/Brancoala-Games
BrancoalaVEVO: http://bit.ly/BrancoalaVEVO
Produção Musical: http://bit.ly/MemoMusic
Brinquedos: http://bit.ly/BB-Inscreva-se

Site ? brancoala.com 
Loja ? loja.brancoala.com 
Instagram ? @brancoala 
Tik Tok ? @brancoala 
Facebook ? @brancoala 

Contato comercial: comercial@brancoala.com
Outros contatos: contato@brancoala.com",0,1250,5271737836,8000000,1,2020-10-14 22:31:04,
UCws74wM8kyNp9r3sZCgm_qg,https://www.youtube.com/user/piangers,Família,M,Marcos Piangers,Brasil,2006,"Pai da Anita e de Aurora, autor do best-seller O Papai é Pop, palestrante sobre criatividade, inovação e filhos",0,64,10395890,335000,1,2020-10-14 22:38:13,
UClu474HMt895mVxZdlIHXEA,https://www.youtube.com/channel/UClu474HMt895mVxZdlIHXEA,Ciências,M,Nerdologia,Brasil,2010,"Uma análise científica da cultura nerd! Toda terça e quinta, às 11h.

Apresentação e pesquisa: Atila Iamarino e Filipe Figueiredo
Edição e arte: Estúdio 42
Direção: Alexandre Ottoni e Deive Pazos
Produção: Amazing Pixel",0,626,318834621,3000000,1,2020-10-14 15:40:19,
UCQRPDZMSwXFEDS67uc7kIdg,https://www.youtube.com/channel/UCQRPDZMSwXFEDS67uc7kIdg,História,M,Buenas Ideias,Brasil,2017,"Buenas Ideias é um canal dedicado à história do Brasil, contada por Eduardo Bueno, pesquisador, escritor e agora YouTuber.  No canal Buenas Ideias você conhece a História através de um ponto de vista divertido, que marca a genialidade e humildade do autor. 

Os programas que trazemos são: ""Não Vai Cair no ENEM"", toda quarta às 11h; e ""Ora, pílulas"", domingos às 11h. Além disso, há ainda vídeos exclusivos, criados especialmente para membros patrocinadores do canal, publicados a cada 15 dias. 

Eduardo Bueno é autor da Coleção Brasilis, além das obras ""Grêmio - Nada Pode Ser Maior"", ""Avenida Rio Branco"", ""Passado a Limpo"", ""Mamonas Assassinas - Blá, Blá, Blá: a Biografia Autorizada"",  além dos livros: ""Caixa - uma História Brasileira"", ""À Sua Saúde - a Vigilância Sanitária na História do Brasil"".

Para contratar uma palestra, envie um e-mail para buenasideias@flocks.tv",0,329,60031715,859000,1,2020-10-14 15:47:04,
UCG-eghyORxNrzSG8FkAWKyw,https://www.youtube.com/user/jubilut,Educação,M,Biologia Total,Brasil,2006,"Prazer, eu sou o professor Paulo Jubilut! Seja muito bem-vindo ao maior canal de BIOLOGIA do Brasil! Aqui eu me dedico a ensinar a ciência da vida de forma criativa e divertida, pra que vc veja que a biologia vai muito além dos nomezinhos complicados. Estude comigo e entenda como a vida funciona.",0,317,109077339,1910000,1,2020-10-15 10:09:52,
UCjIPRjJZtGhzWD2LrEKOHMA,https://www.youtube.com/user/matematicario,Educação,M,Matemática com Procópio,Brasil,2010,"Matemática para ENEM, vestibular, concurso público, ensino fundamental, ensino médio, ensino superior e o que mais você desejar! ????????

???? LUZ, ???? CÂMERA, ?? (EDUC)AÇÃO?? Este é o canal Matemática Rio. ????????

A Matemática é curiosa, divertida e interessante! Matemática Rio é um canal com aulas online de matemática, todas criativas! Aprenda em alguns minutos com o Prof. Rafael Procopio os conteúdos mais cabeludos e encante-se com os aspectos filosóficos, curiosos e belos da Rainha das Ciências.

Quer aprender Matemática? Vem comigo! ???????? Você não está sozinho, eu estou contigo. ????

???? CAIXA POSTAL 26062
CEP: 21715-970
Rio de Janeiro - RJ

? Contato Profissional ?
???? contato@matematicario.com.br

????????????? Prof. Rafael Procopio:
- Especialista em Ensino de Matemática pela Universidade Federal do Rio de Janeiro (UFRJ);
- Professor de Matemática da rede pública municipal do Rio de Janeiro.

""A MATEMÁTICA É O ALFABETO COM O QUAL DEUS ESCREVEU O UNIVERSO!"" - Galileu Galilei",0,1989,144974958,1930000,1,2020-10-14 22:33:44,
UCF5WzS-iBJRfp_EcFI-GT1w,https://www.youtube.com/channel/UCF5WzS-iBJRfp_EcFI-GT1w,Gastronomia,M,Receitas de Pai,Brasil,2016,"Olá, seja bem vindo ao canal Receitas de Pai!
Me chamo Diego Assalve e vou te ensinar muitas receitas simples e fáceis!
Mas não estou sozinho nessa, pois conto com a ajuda da minha câmera e esposa Lorena Rodrigues. 
Tá achando que acabou? 
Que nada! Eu a Lorena temos uma missão muito maior do que comandar um canal de culinária. Nós somos os pais de dois meninos: Guilherme e Felipe, modéstia a parte são lindos! 
Eles sempre aparecem por aqui, entre uma receita e outra, dando pitacos sobre um bolo, uma sobremesa ou interrompendo as gravações por motivos necessários, como a troca de uma fralda por exemplo... Rsrs 
Bom esses somos nós, a família Assalve, que cresceu e hoje se tornou a família Receitas de Pai. 
Pode chegar e sinta-se a vontade!??

Entre em contato conosco para trabalhos e parcerias::
receitasdepai@hotmail.com",0,614,452671211,7470000,1,2020-10-15 15:39:10,
UCLPXpKv6WDc7mtapsbMyPHg,https://www.youtube.com/channel/UCLPXpKv6WDc7mtapsbMyPHg,Gastronomia,M,Estevam Pelo Mundo,Brasil,2014,"Olá, Viajante!

Sou o Lucas Estevam e mostro pra você destinos, hotéis e companhias aéreas incríveis pra conhecer neste mundão!
Lugares, pessoas, dicas e histórias é o que vou dividir com você no canal.

Video novo dia sim, dia não e todo dia no INSTA: @EstevamPeloMundo ! Te espero lá! :)

Se inscreva e BORA VIAJAR juntos!!

Contato comercial: gigi@estevampelomundo.com.br
Visite: www.estevampelomundo.com.br",0,924,84635241,1080000,1,2020-10-14 22:30:04,
UCU5JicSrEM5A63jkJ2QvGYw,https://www.youtube.com/channel/UCU5JicSrEM5A63jkJ2QvGYw,Programação,M,Filipe Deschamps,Brasil,2015,"Vou fazer você se apaixonar por programação! Vídeo toda segunda às 11h!

Meu último emprego antes de decidir focar 100% no YouTube foi ser CTO do Pagar.me. Lá tive o prazer de ser responsável por um time com mais de 100 pessoas e aprendi MUITO sobre gestão (principalmente gestão de times grandes) e sobre como lidar com tecnologia em escala. Ambos conhecimentos que quero compartilhar nesse canal.

? CONTATO PARA PUBLICIDADE OU PARCERIAS
[!!! Atenção: Para este ano decidi focar o canal e todas as demais redes sociais em conteúdos não patrocinados !!!]
? contato@filipedeschamps.com.br

? CONTATO PARA DÚVIDAS GERAIS E SUGESTÕES
? Utilizar comentário no YouTube, pois desta forma outras pessoas poderão se beneficiar de ler a pergunta e resposta, inclusive poderão participar adicionando novos pontos de vista ou novas dúvidas.",0,190,14617621,373000,1,2020-10-14 11:19:07,
UCWN45XZWIlZoUeohfqiyURA,https://www.youtube.com/user/melhoresdestinos,Viagem e Turismo,M,Melhores Destinos,Brasil,2009,O Melhores Destinos é o maior site de promoções de passagens aéreas do Brasil.,0,191,10573029,171000,1,2020-10-14 22:31:29,
UCGH4Wx-WL10iB4ZAdewkuDw,https://www.youtube.com/user/Adrenaline,Tecnologia Digital,M,Adrenaline,Brasil,2005,"Notícias, análises, fórum, reportagens e entrevistas com assuntos sobre hardwares, games, esports.",0,2953,136464954,813000,1,2020-10-14 22:31:29,
UCIhmXuqtOQVJCPbh_tXns1g,https://www.youtube.com/user/canalDudroid,Tecnologia Digital,M,Dudu Rocha,Brasil,2013,"Canal voltado a tecnologia, onde você aprende a usar de forma prática a técnico-administrativo a seu favor. Se inscreva no canal e aprenda a usar o o que a tecnologia pode te oferecer!",0,1137,164620467,1390000,1,2020-10-14 22:31:29,
UCnnAzRbUm_6mSqyqAJSkc_A,https://www.youtube.com/user/betechs,Tecnologia Digital,M,Be!Tech,Brasil,2013,"Um cara extremamente curioso e que ama tecnologia! Assim nasceu o Be!Tech!

Vlogs, tecnologia, papos e muito mais!

Um canal com muita qualidade de conteúdo e produção, pra você se manter atualizado sempre !!

Seja bem vindo! Seja Tech!  =)

E-mail para contato: contato@felipebecker.com.br

Siga-me nas redes socias:

Facebook: Felipe Becker - Be!Tech
Twitter: betechers
Instagram: betechers
Snapchat: betechers

Conheça o site do Be!Tech: www.betechers.com.br

Coisas que sempre me perguntam!

Com qual equipamento você grava?
- Filmo com uma Nikon D750 e as lentes: 35mm 1.4G Nikkor e 24-70mm 2.8 Nikkor e também uma Lumix LX100.

Qual o microfone que você utiliza?
Rode SmartLav.

Qual editor de vídeo você usa?
- Adobe Premiere Pro CS6.

Como você faz sua iluminação?
- Utilizo duas sombrinhas difusoras para o ambiente e um softbox para o rosto!",0,1344,171904617,1490000,1,2020-10-14 9:42:51,
UC_bXJnsgwOqEPA_-6N6faKw,https://www.youtube.com/CanalTech/,Tecnologia Digital,M,Canaltech,Brasil,2012,"Focado no mundo da tecnologia, o Canaltech é um dos principais portais de notícias no Brasil, com conteúdo em texto, áudio e vídeo, incluindo análises de produtos, temas corporativos e um jornal diário. O noticiário tem publicações integrais em parceria com os portais MSN e Yahoo e marca presença em todas as redes sociais.

Sendo referência no segmento, o Canaltech é visitado por mais de dez milhões de leitores todos os meses. Com mais de 300 milhões de exibições em seu canal no YouTube, foi ganhador do Prêmio Influenciadores Digitais.",0,3991,437611492,2560000,1,2020-10-15 9:32:19,
UCBFLqK7PAP9DQ3JpIrWFI7w,https://www.youtube.com/user/pipocandovideos,Cultura e Entretenimento,M,Pipocando,Brasil,2013,"Pipocando é um programa pra quem curte filmes, séries, animações e cultura pop! Um canal feito para os amantes de cinema!
Estoure a pipoca e aperte o play!

CONTATO COMERCIAL
comercial@blues.ag

www.blues.ag",0,1133,594684518,4250000,1,2020-10-15 9:42:26,
UCH2VZQBLFTOp6I_qgnBJCuQ,https://www.youtube.com/user/fecastanhari,Cultura e Entretenimento,M,Canal Nostalgia,Brasil,2008,"Ensinando e divertindo
Vídeos novos quando possível, coisas boas levam tempo! 

CONTATO COMERCIAL E PUBLICIDADE 
castanhari@mynd8.com.br",0,333,1189299565,13200000,1,2020-10-15 10:09:58,
UCMpWpGXG8tlWA6Xban2m6oA,https://www.youtube.com/channel/UCMpWpGXG8tlWA6Xban2m6oA,Cultura e Entretenimento,M,Diva Depressão,Brasil,2013,O veneno chega a escorrer,0,935,504853695,2830000,1,2020-10-14 22:36:09,CLYHEAA
UCt_4wzTQqmcUvemNkeO0plA,https://www.youtube.com/user/einerdtv,Cultura e Entretenimento,M,Ei Nerd,Brasil,2013,"O canal é apresentado por Peter Jordan, que transformou a sua paixão pela cultura Nerd em um canal. Atualmente somos o maior canal de cultura pop do Brasil, abordando temas diversos como: Animes, Quadrinhos, Filmes, Series, Games.. O resultado de todo o trabalho é um crescimento exponencial do canal, com produções de 2 a 3 vídeos por dia dos mais variados temas da atualidade.

O canal Ei Nerd é propriedade da Petaxxon Informática LTDA - ME - Todos os direitos reservados. 

Anuncie: isabela@einerd.com.br


Caixa Postal Ei Nerd:
95121 - Cep: 25655-970
Petrópolis / RJ",0,3312,2074399550,10500000,1,2020-10-14 11:14:43,
UCbAiIkPobUFy71zlmwVw3jw,https://www.youtube.com/user/fatosdesconhecidos,Conhecimento e Curiosidades,M,Fatos Desconhecidos,Brasil,2013,"A Fatos Desconhecidos começou no ano de 2010, fruto de várias curiosidades e dúvidas. E nenhum nome poderia ter atendido tão bem todas as expectativas quanto Fatos Desconhecidos; como tudo em nossa página, ele é resultado de muita reflexão e pesquisa. Nosso objetivo é levar à você, leitor, fatos, e não histórias.
Queremos tornar o desconhecido público, e isso porque, antes de sermos uma página de curiosidades, somos usuários da grande teia de informações, e achamos que o nosso e o seu aprendizado deve ser compartilhado com o mundo.

É isso que grandes pensadores, que ilustram nossas matérias e nos servem como ideal, disseram em suas vidas: Aristóteles, Platão, Sócrates, Voltaire, Galileu, Gutenberg, Jesus, Einstein, Tesla; todos aqueles que acreditaram que “a verdade vos libertará” dedicaram seu trabalho à propagação do conhecimento, e é esse o objetivo do nosso trabalho e dedicação.

Contato para Publi - contato@grupophn.com",0,3481,2216833968,15200000,1,2020-10-15 9:40:18,
UCgWOsOjYMJyndvwyU9gzBKQ,https://www.youtube.com/channel/UCgWOsOjYMJyndvwyU9gzBKQ,Conhecimento e Curiosidades,M,Universo Curioso,Brasil,2017,"O canal Universo Curioso que é apresentado por David Damasceno fala sobre diversos assuntos, alguns deles são: astronomia, curiosidades, mistérios, entretenimento, aprendizado, conteúdo diferenciado e a oportunidade de explorar e conhecer esse universo curioso sem sair de sua casa!
Contato: UniversoCuriosoOfficial@gmail.com",0,903,276181763,2460000,1,2020-10-15 10:09:58,
UCj0O6W8yDuLg3iraAXKgCrQ,https://www.youtube.com/user/vcsabiavideos,Conhecimento e Curiosidades,M,Você Sabia?,Brasil,2013,"O Canal Voce Sabia reune as melhores curiosidades, historias e fatos interessantes do mundo. Lukas Marques e Daniel Molo
CONTATO COMERCIAL: contato@projetovs.com

Se ainda nao é inscrito, se inscreva 
e descubra coisas que você sabia ou não. 16/01/19",0,1134,5625767255,37600000,0,2020-10-15 15:26:01,
UCKHhA5hN2UohhFDfNXB_cvQ,https://www.youtube.com/user/iberethenorio,Conhecimento e Curiosidades,M,Manual do Mundo,Brasil,2006,"Este é o canal do Manual do Mundo. Aqui é o lugar para você aprender de tudo: experiências, curiosidades científicas, dicas de sobrevivência, o que tem dentro das coisas, explicações impossíveis, viagens imperdíveis e muito mais! Somos o maior canal de Ciência e Tecnologia em Língua Portuguesa do mundo, segundo o Guinness Book!

Vídeos novos às terças e sábados, às 11h30, e às quintas, às 18h.

DÚVIDAS: contato@manualdomundo.com.br
CONTATO COMERCIAL: atendimento@manualdomundo.com.br
ASSESSORIA IMPRENSA: assessoria@manualdomundo.com.br",0,1635,2534629019,14000000,1,2020-10-15 9:41:16,
UCCE-jo1GvBJqyj1b287h7jA,https://www.youtube.com/channel/UCCE-jo1GvBJqyj1b287h7jA,Empreendedorismo e Negócios,M,Bruno Perini - Você MAIS Rico,Brasil,2013,"Canal de vídeos de Bruno Perini - criador do site de educação financeira Você MAIS Rico.

Aprenda mais sobre dinheiro, finanças e investimentos com quem realmente entende do assunto.

Vídeos indicados para quem chegou agora e quer me conhecer:

1. Sobre minha meta de Viver de Renda até os 30 anos - https://youtu.be/HYe9tSqSDA0
2. Quando atingi minha meta e larguei meu emprego público - https://youtu.be/iOd2GhleypU
3. O curso que criei após chegar na minha meta para ensinar tudo que aprendi a outras pessoas - https://vocemaisrico.com/viverderenda
4. Veja os meus vlogs com minha rotina de empreendedor/investidor -

Inscreva-se no canal e me siga nas redes sociais!",0,284,14046803,500000,1,2020-10-15 9:55:36,
UCFXnHnisrIo8TlTnfyGm_5Q,https://www.youtube.com/channel/UCFXnHnisrIo8TlTnfyGm_5Q,Empreendedorismo e Negócios,M,Pit Money,Brasil,2017,"Ensinando você a investir na prática, baseado no que eu faço com o MEU DINHEIRO!",0,240,11661953,361000,1,2020-10-14 10:07:19,
UCJIcpGAVfGIVgHSQ6oCcrXg,https://www.youtube.com/channel/UCJIcpGAVfGIVgHSQ6oCcrXg,Empreendedorismo e Negócios,M,Canal do Holder,Brasil,2017,"Olá, meu nome é Fabio, sou Analista de Valores Mobiliários (CNPI nº 1711), graduado em Engenharia Civil, MBA em Finanças e com outras especializações e certificações na área de investimentos. Sempre me interessei pelas diferentes formas de alocação de capital e relações de risco e retorno dos investimentos, e resolvi criar esse canal com o intuito de ajudar as pessoas a investirem de uma forma melhor, mais eficiente, e sem mistérios. 
Por trabalhar no mercado de capitais, sempre recebo de pessoas próximas perguntas relacionadas a investimentos, que acredito serem dúvidas compartilhadas por muitas outras pessoas. Com isso, me senti motivado a criar esse canal de comunicação, que tem o intuito de sanar algumas dessa dúvidas, dar a minha opinião e expor os meus pontos de vista sobre diversos temas relacionados a investimentos.
Assim, esse canal é destinado a todas as pessoas que desejam obter opiniões sobre qualquer tipo de investimentos pessoais, sem nenhum tipo de conflito de interesse.",0,268,12141610,262000,1,2020-10-14 11:01:40,
UCT4nDeU5pv1XIGySbSK-GgA,https://www.youtube.com/channel/UCT4nDeU5pv1XIGySbSK-GgA,Empreendedorismo e Negócios,M,O Primo Rico,Brasil,2006,"Quando comecei a ter contato com o mercado financeiro, há quase 7 anos atrás, eu percebi o como nós, brasileiros, poderíamos investir muito melhor. Com a vontade de investir com maior rentabilidade, eu estudei tudo que era possível e tirei mais de 6 certificações profissionais! Com isso em mãos, eu ingressei no mercado financeiro e tive contato com quase 1.000 investidores de sucesso. Depois de tudo isso, eu senti que deveria vir para a Internet, e com isso, eu criei meu blog: O Primo Rico. Minha missão aqui no canal do Youtube e no Blog, é ajudar todos os investidores a se aposentarem mais cedo, com mais qualidade e muito mais ricos! Conte comigo e seja bem vindo a comunidade O Primo Rico.",0,468,177843716,4140000,1,2020-10-14 10:54:25,CPQDEAA
UCUxz2Q4j4bU1wasCDQTLibQ,https://www.youtube.com/channel/UCUxz2Q4j4bU1wasCDQTLibQ,Empreendedorismo e Negócios,M,Thiago Fonesca,Brasil,2015,,0,469,100866030,2370000,1,2020-10-15 9:35:55,
UCex1Yb5_UvocwZx5fwjsibA,https://www.youtube.com/channel/UCex1Yb5_UvocwZx5fwjsibA,"Cidades, Arquitetura e Urbanismo",M,Ideias Diferentes,Brasil,2015,"Designer de produtos e Empreendedor Ricardo Fontenele, ao perceber um mundo com as mesmas referências na área do design, arquitetura e arte, decidiu criar em 2013 um Instagram que busca democratizar a decoração através de ideias criativas, originais e cheias de personalidade. Assim nasceu o @ideiasdiferentes.",0,33,245970,6400,1,2020-10-14 22:35:52,
UCuD2V9FCQiDTjTLZrpoFSJA,https://www.youtube.com/channel/UCuD2V9FCQiDTjTLZrpoFSJA,"Decoração, Organização e Diy",M,Maurício Arruda,Brasil,2014,"Oi! Eu sou o arquiteto e apresentador Maurício Arruda e esse é meu canal. Toda semana tem vídeo novo com dicas de decoração, reforma e todas as informações para deixar sua casa linda e aconchegante. Eu te ajudo! 

Não esquece de se inscrever e clicar no sininho pra ser notificado de todas as novidades. 

Instagram: @mauricioarruda",0,58,7756910,250000,1,2020-10-14 22:37:23,
UC13ikrGSy3E2AveqLAI9lqg,https://www.youtube.com/channel/UC13ikrGSy3E2AveqLAI9lqg,Meio Ambiente e Sustentabilidade,M,Richard Rasmussen,Brasil,2016,"Olá, seja bem vindo ao canal do Biólogo Richard Rasmussen.

Quem é Richard Rasmussen?
Richard Rasmussen é um biólogo, aventureiro e conservacionista!

Neste canal, Richard Rasmussen irá compartilhar com vocês conteúdos sobre conservação, biologia, Fauna e a Flora do mundo todo.

Teremos vídeos novos toda 2ª, 4ª e 6ª (Mas as vezes pode falhar)

Espero que gostem!
Um grande abraço animal.

Biólogo Richard Rasmussen",0,604,319468480,4070000,1,2020-10-14 9:55:10,
UCkSjy-IOEq-eMtarZl2uH1Q,https://www.youtube.com/channel/UCkSjy-IOEq-eMtarZl2uH1Q,"Economia, Política e Atualidades",M,Mamãe Falei,Brasil,2015,"Desde que nascemos somos bombardeados por informações de como ver o mundo, como as coisas funcionam e como devemos agir. 
Será que não está na hora de termos mais propriedade no jeito em que escutamos, pensamos e falamos?

Te convido a gastar alguns minutinhos comigo para se informar, questionar e ver o mundo de uma forma muito diferente dessa nuvem de inércia em que vivemos...",0,1058,398958427,2690000,1,2020-10-15 14:49:41,
UCOOCeqi5txwviDZ4M5W9QSg,https://www.youtube.com/user/MrNandomoura101,"Economia, Política e Atualidades",M,Nando Moura,Brasil,2011,"Comentários sobre música, filosofia, economia, teologia, política e atualidades.",0,1490,599925778,3150000,1,2020-10-15 15:01:44,
UCpHQyEuBXwYBvXC1_NResCg,https://www.youtube.com/user/Tharryify,"Economia, Política e Atualidades",M,Kim Kataguiri,Brasil,2009,"Deputado federal por SP, escritor, coordenador nacional do MBL, conferencista, ex-colunista da Folha de SP e estudante de Direito.",0,995,89190396,616000,1,2020-10-15 15:13:40,
UCbZproabU39SyUkc_UM_C4w,https://www.youtube.com/user/canseidesergato,Pets,N,Cansei de ser gato,Brasil,2013,"Canal oficial Cansei de ser gato!
Aqui tem podcat, paródias, DIY, vídeos e tudo que você precisa saber sobre gatos!

Inscreva-se, humano!

facebook: /canseidesergato
instagram: @canseidesergato
loja: www.canseidesergato.com

mia que eu te escuto:
comunicacao@canseidesergato.com",0,28,639370,23400,1,2020-10-14 17:40:15,
UCT0JugAtGmqiYkwxFZOwAtg,https://www.youtube.com/user/sitedescomplica,Educação,N,Descomplica,Brasil,2009,"A educação não pode parar. Estude para o Enem 2020 com o melhor cursinho online: http://bit.ly/3aP6hqY

No nosso site, você tem acesso a:
- Cronograma de estudos de aulas ao vivo, com tudo o que estudar para o Enem 2020, semana a semana, até a prova. Tipo um cursinho presencial, só que online;
- Biblioteca de aulas gravadas;
- Monitorias para tirar dúvidas; 
- Exercícios e simulados para treinar e ver seu progresso;
- Todas as questões do Enem resolvidas em vídeo;
- Correção de redação com os critérios da banca do Enem, para treinar para a parte da prova que mais vale
- Aulas do Guia do Estudo Perfeito para te ensinar como estudar para o Enem e vestibulares
- App com todo conteúdo de aulas, materiais de apoio, exercícios.

No nosso canal também tem conteúdo rolando todos os dias para você conhecer os nossos professores e o nosso jeitinho de ensinar. Mas isso aqui é só um pedacinho do mundão que é a plataforma.

Bons estudos!",0,3376,224932836,3230000,1,2020-10-14 10:40:42,
UC-ddSPJhtaBX8Nf6DK2RFIg,https://www.youtube.com/user/tastemadebr,Gastronomia,N,Tastemade,Brasil,2013,"Comida & Viagem para quem ama experiências.

Visite o site para receitas deliciosas: https://br.tastemade.com

Contato Comercial: contato@tastemade.com",0,1588,136226097,1250000,1,2020-10-14 22:30:30,
UCcL3WQrvv4gZ3VR5qFhE-zQ,https://www.youtube.com/user/cafiada,"Economia, Política e Atualidades",N,Conversa Afiada,Brasil,2008,,0,1680,135938001,981000,1,2020-10-15 14:18:25,